year,nh_land,nh_ocean,deep_nh,sh_land,sh_ocean,deep_sh,nh,sh
1970,-1.04,-0.6,-0.5,-0.38,-0.36,-0.3,-0.77336,-0.3638
1971,0.06810708927451772,-0.4402406313774362,-0.5000579986780195,0.1529602006141948,-0.25142316454953934,-0.3000140106862625,-0.23995162944056636,-0.17459032516842987
1972,0.1499567127615863,-0.30442917714480433,-0.49966794344351534,0.21607919157844988,-0.15728204048177286,-0.2997226946030081,-0.1254011365216864,-0.08634340639033053
1973,0.22213874430633368,-0.19015423019712074,-0.4989035071195588,0.2737205800432835,-0.0753558433565505,-0.2991676623132112,-0.027710798242759696,-0.009031322910582056
1974,0.28658761547552253,-0.09310641300807045,-0.49782398804008426,0.32687940008520144,-0.003425633335886072,-0.2983830620573744,0.05649303421446519,0.05933232301412055
1975,0.3448510634226486,-0.00983779613283893,-0.4964768648588369,0.380433098245256,0.06078175731389726,-0.2973964408321192,0.12990961453202315,0.12151551209085543
1976,0.40236675869668564,0.06291048278555707,-0.4948997203421119,0.43139078744433557,0.11913633156789989,-0.2962284883651633,0.19665625549454174,0.1784646781844227
1977,0.456768555837176,0.12793059328917192,-0.49312024806078475,0.47984116173295766,0.17262547494584365,-0.29489585037865973,0.2574927505330855,0.23099645543539532
1978,0.5079275045576416,0.18666358760426646,-0.4911600810393907,0.5262068235365175,0.2220692823127715,-0.29341240996038953,0.31324157088389626,0.2798554151452832
1979,0.5564433972637745,0.24027236349448172,-0.4890368979075888,0.5708395370531981,0.26815038103657235,-0.2917897507269462,0.3648437507995831,0.3256613206797313
1980,0.6028055280142697,0.28970558070966446,-0.48676515343802335,0.6140321016486512,0.3114369723023255,-0.29003754218910627,0.41306695994767895,0.36893004687812736
1981,0.6474130484519849,0.3357371277689262,-0.4843566723734948,0.6560282351191362,0.35240201041011004,-0.288163860525191,0.45853744051805134,0.41009099310482505
1982,0.6905915737811233,0.37899831820321755,-0.48182113385989334,0.6970308003943982,0.39143916737923157,-0.28617545558885116,0.5017660609009125,0.4495015776521133
1983,0.7326067296040404,0.4200041556307965,-0.4791664666374154,0.737208653340791,0.4288761216822777,-0.28407797316307365,0.5431695697762546,0.48745930269739524
1984,0.7736752031701633,0.45917476030063864,-0.4763991714301019,0.7767023427857342,0.4649856196187796,-0.2818761399617068,0.5830879347912313,0.524211797020501
1985,0.8139737587723077,0.4968528484544445,-0.47352458394517044,0.8156288551457656,0.49999468266233116,-0.27957391762249467,0.6217984871196827,0.5599651754341837
1986,0.8536465923335892,0.5333179916539685,-0.47054708942295526,0.8540855637947382,0.534092271539523,-0.27717463088903277,0.659527460321739,0.594890997068014
1987,0.892811331137967,0.5687982492659842,-0.4674702976627694,0.8921535164678048,0.5674356657120162,-0.2746810743079156,0.6964594035235454,0.6291320573556161
1988,0.9315639282950148,0.6034796580197663,-0.4642971858057793,0.9299001716547851,0.6001557735764786,-0.2720956010421932,0.7327448605082142,0.6628072092113569
1989,0.969982655550131,0.6375139734055433,-0.4610302148146718,0.9673816763392787,0.6323615526076264,-0.26942019679868023,0.7685066341705109,0.6960153761166403
1990,1.0081313605423008,0.671024984958436,-0.45767142449566994,1.0046447619598045,0.6641436886292067,-0.2666565413642149,0.8038448969384787,0.7288388925620204
1991,1.0460621240123118,0.7041136681455952,-0.45422251101581096,1.0417283225837821,0.6955776583924582,-0.26380605982777094,0.8388413597570815,0.7613462845888098
1992,1.0838174275020958,0.7368623871766151,-0.45068489014019225,1.0786647285595277,0.7267262788275516,-0.26086996521720174,0.8735626730648545,0.7935945842766271
1993,1.1214319217221385,0.7693383235753904,-0.4470597488198433,1.1154809199834923,0.7576418290081213,-0.2578492939896339,0.9080632012452092,0.8256312562934418
1994,1.1589338691515854,0.8015962731430668,-0.44334808727626157,1.1521993168885065,0.788367816447589,-0.254744935573327,0.9423872859704232,0.8574958015313634
1995,1.196346320883642,0.8336809276665784,-0.4395507533333114,1.1888385768729146,0.8189404473417955,-0.25155765695805227,0.9765710925941015,0.8892210919527082
1996,1.2336880766733955,0.8656287362925513,-0.43566847042466567,1.225414225741439,0.8493898503802819,-0.24828812316391832,1.010644116402604,0.9208344816989018
1997,1.2709744681263464,0.8974694240002958,-0.43170186044188225,1.2619391824426192,0.8797410954312417,-0.2449369142794697,1.0446304113859597,0.9523587319634035
1998,1.308217997608526,0.9292272303428262,-0.4276514623735653,1.2984241960200584,0.9100150414819239,-0.24150453964409016,1.078549592645512,0.9838127808441696
1999,1.3454288594570618,0.9609219199879218,-0.4235177475109747,1.3348782093250866,0.9402290424534324,-0.23799144965336297,1.112417654138763,1.0152123841590468
2000,1.3826153651737156,0.9925696070980479,-0.4193011318526123,1.3713086617665455,0.9703975347119798,-0.23439804558580837,1.146247635779861,1.0465706488523474
2001,1.419784290289565,1.0241834278435975,-0.415001986223783,1.407721741315853,1.0005325261057672,-0.23072468778264324,1.1800501676473087,1.0778984769956836
2002,1.456941157330528,1.0557740890262206,-0.4106206445320796,1.4441225942728078,1.0306440030330477,-0.22697170245661344,1.2138339139381178,1.1092049353686022
2003,1.4940904666551673,1.0873503156351414,-0.4061574105021869,1.4805154998719634,1.0607402692803833,-0.22313938735968625,1.2476059351370317,1.1404975630927836
2004,1.531235884767715,1.1189192159549564,-0.40161256317014693,1.5169040156227414,1.0908282280672763,-0.2192280165008715,1.2813719834671833,1.1717826277028147
2005,1.568380397940193,1.15048657941351,-0.3969863613656106,1.5532910982886836,1.1209136168165093,-0.21523784407338062,1.315136743913023,1.2030653382962224
2006,1.605526437534361,1.1820571195604181,-0.3922790473685141,1.5896792045890251,1.1510012025739644,-0.21116910772365038,1.3489040308421516,1.234350022956826
2007,1.6426759822369355,1.2136346722842402,-0.3874908498922625,1.6260703750213934,1.1810949446735672,-0.20702203127254096,1.382676948405602,1.2656402764396542
2008,1.679830641461092,1.2452223575141934,-0.3826219865174916,1.6624663036347367,1.2111981301374861,-0.20279682698053136,1.4164580213892715,1.2969390831019638
2009,1.7169917233837815,1.2768227111332546,-0.377672665677623,1.6988683961074116,1.2413134863815072,-0.19849369743334416,1.4502493019599623,1.3282489192294291
2010,1.7541602904492504,1.308437792590297,-0.37264308827877685,1.735277818090628,1.271443275029531,-0.19411283711162036,1.4840524567467246,1.3595718382111395
2011,1.7913372046477174,1.3400692726879562,-0.3675334490214069,1.7716955354488977,1.301589370003519,-0.18965443369760077,1.5178688378801022,1.390909541438141
2012,1.8285231644528315,1.3717185051982435,-0.36234393747859783,1.8081223477556603,1.3317533225245548,-0.18511866916289407,1.551699540944551,1.4222634373184648
2013,1.8657187349545146,1.403386585285145,-0.35707473897585806,1.8445589161745986,1.3619364152188629,-0.1805057206740262,1.5855454522548766,1.4536346904004527
2014,1.9029243724407372,1.4350743971646145,-0.351726035308976,1.8810057866676717,1.3921397071549377,-0.17581576134631102,1.6194072874234067,1.4850242622623573
2015,1.9401404444508334,1.4667826529846328,-0.3462980053297662,1.9174634093131746,1.4223640713318435,-0.1710489608714659,1.6532856228223158,1.5164329455482966
2016,1.977367246134596,1.4985119245427816,-0.3407908254240469,1.9539321543858243,1.45261022588397,-0.1662054860401344,1.6871809212499564,1.5478613922993225
2017,2.0146050135976816,1.5302626691607784,-0.33520466990170267,1.9904123257416024,1.4828787600554325,-0.16128550117693005,1.7210935528689184,1.579310137535805
2018,2.0518539347885207,1.562035250792391,-0.32953971131502235,2.0269041719591123,1.5131701558208064,-0.15628916850266478,1.755023812286866,1.6107796188870847
2019,2.089114158379629,1.5938299572428236,-0.32379612071852926,2.0634078956134854,1.5434848058819133,-0.15121664843596422,1.7889719324907247,1.642270192930912
2020,2.1263858010127854,1.6256470142159274,-0.31797406788108096,2.099923660995845,1.5738230286480863,-0.14606809984443245,1.8229380962138895,1.6737821487941607
2021,2.163668953209495,1.657486596773594,-0.31207372145903006,2.1364516005388774,1.6041850807055225,-0.14084368025381924,1.8569224452093387,1.70531571947386
2022,2.2009636841925997,1.6893488386840763,-0.30609524913761843,2.1729918201653673,1.6345711671965646,-0.1355435460222306,1.8909250878144346,1.736871091260637
2023,2.238270045819649,1.721233840048124,-0.3000388177464608,2.209544403740245,1.6649814504592688,-0.13016785248524104,1.924946105122105,1.7684484115826544
2024,2.2755880757916356,1.7531416735202006,-0.2939045933538846,2.2461094167763918,1.6954160572188253,-0.12471675407678398,1.958985556015146,1.8000477955347631
2025,2.3129178002706046,1.7850723893835905,-0.2876927413440256,2.2826869095192865,1.7258750845735717,-0.11919040442988217,1.993043481273074,1.8316693313132577
2026,2.350259236015032,1.817026019690538,-0.2814034264798543,2.319276919514615,1.756358604977653,-0.11358895646059369,2.0271199069223886,1.8633130847396757
2027,2.3639105989347975,1.843511837130474,-0.2750451969546459,2.332526855787321,1.7820875526937785,-0.10791987701201239,2.0485489492813773,1.8866710202815515
2028,2.375235258317903,1.865486523227529,-0.2686333278257314,2.343727590988643,1.80383982177007,-0.1021965176547391,2.0663275248531363,1.906418497921599
2029,2.3846614413053904,1.8837803396451227,-0.262180281408589,2.353222253020626,1.8222812806321982,-0.09642999047930283,2.081127493699268,1.9231600653859995
2030,2.3925384881985474,1.8990705995150567,-0.2556962187828299,2.3612964578873212,1.8379661910631861,-0.09062954101050921,2.093496947656352,1.937398941759772
2031,2.399151384930274,1.9119098434950161,-0.24918942373555664,2.3681879494170213,1.851355914889418,-0.08480286107562524,2.1038830108205078,1.9495540014496628
2032,2.4047326183756117,1.9227488252544123,-0.2426666486061803,2.374094623244659,1.8628344851888414,-0.0789563492318722,2.112650439744165,1.9599739114194468
2033,2.409471847686076,1.9319552625917078,-0.23613339641994496,2.379181205872995,1.8727215675671969,-0.07309532754295148,2.120096797118889,1.9689488988452988
2034,2.4135237939782233,1.9398291342353193,-0.229594151047007,2.383584814238452,1.8812832489599924,-0.06722422202105986,2.126464830174023,1.9767205463629
2035,2.4170146765898473,1.9466151586796177,-0.22305256496176426,2.3874195834232026,1.8887410180944326,-0.06134671282451767,2.1319525687362484,1.983489945506899
2036,2.420047463654019,1.9525129741793745,-0.21651161241327904,2.3907805187040383,1.8952792407120571,-0.05546585928035446,2.136721563032385,1.9894244835305337
2037,2.4227061554164133,1.957685443393448,-0.20997371437874116,2.3937467019489818,1.9010513818492547,-0.049584203951507186,2.1409036039304965,1.994663492668203
2038,2.425059278483209,1.9622654281534073,-0.2034408404980762,2.3963839605811827,1.9061851851846687,-0.04370385926102005,2.144606205183349,1.9993229525100065
2039,2.427162736361337,1.9663613161894866,-0.1969145922302141,2.3987470891906053,1.9107869842622909,-0.037826579596914156,2.1479170757371957,2.0034994041986707
2040,2.429062134874393,1.9700615297273547,-0.19039627069035112,2.4008816987754367,1.9149452910988978,-0.03195382133135047,2.150907768155288,2.0072732085574403
2041,2.430794679192225,1.9734382035146398,-0.18388693199025866,2.402825756027173,1.918733783295372,-0.026086792779803872,2.153636654931608,2.0107112581144144
2042,2.4323907213911906,1.9765501852842606,-0.1773874323838207,2.4046108646120206,1.92221379047029,-0.020226495786430314,2.156151356510391,2.0138692345572187
2043,2.433875022924056,1.9794454834746995,-0.17089846509586964,2.4062633316932747,1.9254363639357133,-0.014373760339182992,2.158490722017746,2.01679348780965
2044,2.4352677845186665,1.9821632640331517,-0.16442059036642043,2.4078050556910324,1.9284439994690723,-0.008529273382980273,2.1606864451044445,2.019522600151245
2045,2.4365854863494762,1.984735479369122,-0.1579542599601549,2.4092542652421205,1.9312720713266431,-0.0026936028034054973,2.1627643821193816,2.0220886881705837
2046,2.4378415734333307,1.9871881972234693,-0.15149983716076423,2.410626134300968,1.933950025898179,0.003132782609581321,2.164745627450155,2.024518486494709
2047,2.4390470147621666,1.9895426847342041,-0.14505761308192527,2.4119332941417744,1.9365023752898995,0.008949496544118788,2.1666473907652213,2.0268342498717558
2048,2.4402107594327203,1.991816292796541,-0.13862781997345888,2.413186259542629,1.9389495243703667,0.014756221334243026,2.1684837126511955,2.029054504053097
2049,2.4413401087483724,1.9940231775068153,-0.13221064207621389,2.414393783535765,1.9413084591930012,0.020552696446154605,2.170266048415989,2.0311946708181265
2050,2.4424410197726893,1.9961748887025785,-0.12580622447724996,2.4155631526971733,1.9435933200302458,0.026338708894348833,2.1720037443442024,2.0332675882369617
2051,2.443518352962554,1.9982808500822804,-0.1194146803337019,2.416700432941939,1.945815878359949,0.0321140852641397,2.173704426217108,2.0352839437305272
2052,2.444576074182526,2.0003487508776887,-0.11303609676584656,2.417810674121163,1.9479859339027876,0.03787868507132568,2.1753743162597945,2.037252634544279
2053,2.4456174195042752,2.002384865372728,-0.10667053966452981,2.4188980803258473,1.950111645111177,0.04363239523487525,2.1770184917005575,2.0391810678019646
2054,2.4466450296467865,2.004394313560796,-0.10031805761295036,2.4199661516456934,1.9521998042640742,0.049375125476076,2.1786410956986764,2.041075410266582
2055,2.4476610596501014,2.0063812737840094,-0.09397868508595283,2.4210178021673276,1.9542560664523823,0.055106804488860156,2.1802455094152497,2.042940796238222
2056,2.448667268345049,2.0083491562002065,-0.08765244505992557,2.4220554581945346,1.956285140183525,0.06082737675204757,2.181834492385274,2.044781500605617
2057,2.449665091340945,2.0103007442940206,-0.08133935114188375,2.4230811400055328,1.9582909460382676,0.06653679987591282,2.183410297030509,2.046601082892048
2058,2.450655700567537,2.0122383103188684,-0.07503940930630974,2.4240965299066968,1.9602767487346573,0.07223504239351654,2.184974762076844,2.048402507157345
2059,2.451640052848202,2.014163709472338,-0.06875261931201283,2.425103028879621,1.9622452670563693,0.0779220819222529,2.1865293887624286,2.0501882418027875
2060,2.452618929525016,2.016078456722648,-0.06247897585795263,2.426101803733409,1.9641987653556796,0.08359790363356094,2.188075403006781,2.0519603426474484
2061,2.4535929687841347,2.0179837894822112,-0.05621846952611495,2.4270938263536554,1.9661391297193838,0.08926249897914627,2.189613806127169,2.0537205220798955
2062,2.45456269202622,2.019880718735528,-0.04997108755066921,2.4280799063727923,1.9680679313683387,0.09491586463071992,2.191145416212061,2.055470206619185
2063,2.455528525378924,2.021770070748342,-0.04373681444540976,2.4290607183644846,1.9699864794304538,0.10055800159746571,2.1926709018727912,2.05721058482792
2064,2.4564908172463764,2.023652521093181,-0.0375156325155876,2.4300368244798944,1.971895864868257,0.10618891449144606,2.19419080977754,2.0589426471944683
2065,2.4574498526257056,2.025528622406733,-0.03130752227543075,2.4310086932898254,1.9737969970436515,0.111808610916151,2.1957055871130082,2.0606672193304245
2066,2.458405864786203,2.027398827033812,-0.02511246278872642,2.431976715468688,1.9756906341539604,0.11741710095754851,2.197215599908254,2.0623849896037587
2067,2.459359044796944,2.029263505499835,-0.018930431946639223,2.432941216849638,1.977577408566509,0.12301439676045682,2.198721147982896,2.0640965321403035
2068,2.4603095492992577,2.031122961580361,-0.01276140669432763,2.433902469291505,1.9794578479068137,0.1286005121759373,2.2002224771416063,2.065802325969905
2069,2.4612575068473563,2.032977444594518,-0.006605363215790778,2.434860699724295,1.9813323926121311,0.13417546246780376,2.2017197891221363,2.0675027709634426
2070,2.4622030230808987,2.0348271594337533,-0.00046227708464079847,2.435816097678547,1.9832014105428084,0.13973926406833928,2.2032132497107284,2.0691982010985988
2071,2.463146184944678,2.036672274743102,0.005667876612922305,2.4367688215526866,1.985065209144605,0.14529193437497337,2.204702995362523,2.0708888955021405
2072,2.464087064130955,2.038512929595315,0.011785123177812249,2.4377190038298835,1.986924045572438,0.15083349158105333,2.206189138602357,2.072575087641353
2073,2.4650257198876675,2.0403492389354962,0.017889488216257167,2.4386667554205097,1.9887781351172884,0.1563639545349957,2.207671772430652,2.0742569729749007
2074,2.465962201309296,2.0421812980227303,0.023980997573091335,2.4396121692767405,1.990627658220636,0.1618833426230603,2.2091509739176374,2.0759347153212957
2075,2.466896549205729,2.0440091860534886,0.03005967727735798,2.440555323401311,1.9924727663132014,0.16739167567178828,2.2106268071354713,2.077608452159942
2076,2.4678287976268423,2.045832969117545,0.03612555349795492,2.4414962833519693,1.9943135866750488,0.17288897386680674,2.2120993255502084,2.079278299043664
2077,2.4687589751062258,2.0476527026093545,0.042178652507473345,2.442435104326149,1.9961502264810675,0.1783752576852588,2.213568573973122,2.0809443532716334
2078,2.4696871056757974,2.0494684331952207,0.0482190006527198,2.443371832896234,1.9979827761683961,0.1838505478395723,2.215034590152568,2.0826066969466854
2079,2.4706132096935045,2.051280200418075,0.054246624330690794,2.4443065084539657,1.9998113122394172,0.18931486523067054,2.216497406072594,2.0842653995201816
2080,2.4715373045185562,2.0530880380066394,0.06026154996899476,2.445239164412757,2.0016358995949526,0.19476823090903855,2.217957049012335,2.0859205199103354
2081,2.4724594050622626,2.054891974943412,0.06626380400990284,2.4461698292084866,2.0034565934763777,0.20021066604233065,2.2194135424102392,2.0875721082654786
2082,2.4733795242374064,2.056692036335923,0.07225341289735897,2.447098527132546,2.005273441082229,0.20564219188842123,2.220866906569108,2.089220207431789
2083,2.47429767332483,2.0584882441274965,0.07823040306640565,2.4480252790252583,2.007086482913838,0.2110628297729891,2.2223171592312463,2.090864854175008
2084,2.4752138622725064,2.0602806176770816,0.0841948009345781,2.4489501028530833,2.008895753895446,0.2164726010708709,2.2237643160476788,2.0925060801973974
2085,2.4761280999394932,2.0620691742322617,0.09014663289490618,2.449873014189067,2.010701284306556,0.22187152719055678,2.225208390960911,2.0941439129842334
2086,2.477040394294979,2.06385392931515,0.09608592531022685,2.450794026612769,2.01250310055803,0.22725962956129858,2.2266493965172027,2.0957783765084304
2087,2.4779507525806435,2.0656348970371994,0.10201270450856566,2.4517131520431654,2.0143012258381052,0.2326369296223928,2.2280873441213167,2.097409491817067
2088,2.4788591814431213,2.067412090356014,0.10792699677939074,2.4526304010157394,2.016095680650124,0.23800344881427574,2.2295222442443343,2.099037277519591
2089,2.4797656870420606,2.069185521284863,0.11382882837057844,2.4535457829131513,2.0178864832601566,0.24335920857112436,2.230954106593199,2.1006617501942255
2090,2.480670275138286,2.070955201063615,0.11971822548595872,2.454459306157228,2.019673650069587,0.24870423031471212,2.2323829402490354,2.102282924726239
2091,2.481572951165716,2.0727211402981736,0.12559521428333462,2.4553709783687907,2.0214571959252567,0.25403853544931,2.2338087537799853,2.1039008145895286
2092,2.482473720290037,2.0744833490742334,0.13145982087288752,2.456280806500684,2.0232371343776303,0.2593621453574554,2.23523155533326,2.1055154320810106
2093,2.483372587456577,2.0762418370501057,0.13731207131589787,2.4571887969485204,2.025013477895699,0.26467508139644413,2.2366513527102554,2.107126788515735
2094,2.484269557429355,2.077996613532424,0.14315199162372194,2.4580949556428564,2.026786238045862,0.26997736489542795,2.2380681534278146,2.108734894389291
2095,2.4851646348229477,2.0797476875379304,0.1489796077569789,2.458999288125927,2.028555425640827,0.2752690171530086,2.239481964768227,2.1103397595129962
2096,2.4860578241284834,2.081495067843874,0.15479494562490884,2.4599017996155164,2.0303210508635665,0.28055005943525174,2.2408927938200103,2.111941393126437
2097,2.486949129734851,2.083238763029133,0.16059803108486914,2.4608024950581306,2.032083123370496,0.285820512974048,2.2423006475111857,2.113539803991147
2098,2.48783855594601,2.084978781507774,0.16638888994194598,2.4617013791732543,2.033841652377369,0.2910803989657624,2.2437055326364392,2.115135000468587
2099,2.4887261069951103,2.086715131556429,0.1721675479486572,2.4625984564902015,2.0355966467307747,0.2963297385701249,2.2451074558792694,2.116726990585066
2100,2.489611787056016,2.088447821336638,0.17793403080473139,2.4634937313787786,2.0373481149676564,0.30156855290932044,2.246506423830073,2.11831578208577
2101,2.490495600252705,2.090176858913078,0.18368836415694859,2.4643872080748217,2.039096065364857,0.3067968630672456,2.247902443000891,2.1199013824797506
2102,2.4913775506669515,2.0919022522684494,0.1894305735990312,2.4652788907014496,2.0408405059803703,0.3120146900889047,2.2492955198374593,2.1214837990773754
2103,2.492257642344582,2.093624009315614,0.19516068467157477,2.4661687832867605,2.0425814446876833,0.31722205497992084,2.2506856607290278,2.123063039021508
2104,2.4931358793005907,2.0953421379075117,0.2008787228620138,2.4670568897785614,2.0443188892043547,0.322418978706143,2.2520728720163845,2.124639109313454
2105,2.4940122655233177,2.0970566458452566,0.2065847136046138,2.4679432140566395,2.046052847115833,0.32760548219333196,2.253457159998413,2.1262120168345864
2106,2.4948868049778516,2.098767540884741,0.2122786822804851,2.4688277599429624,2.0477833258952503,0.3327815863269149,2.254838530937427,2.1277817683643154
2107,2.495759501608819,2.100474830742037,0.21796065421761554,2.4697105312101906,2.0495103329199376,0.33794731195179417,2.2562169910635492,2.1293483705950855
2108,2.4966303593426544,2.1021785230978067,0.22363065469091709,2.4705915315887506,2.0512338754851607,0.34310267987220033,2.2575925465782767,2.130911830144843
2109,2.497499382089459,2.103878625600898,0.2292887089222842,2.4714707647727354,2.0529539608155605,0.34824771085158696,2.2589652036573913,2.132472153567424
2110,2.4983665737445238,2.105575145871303,0.234934842080663,2.4723482344248087,2.054670596074676,0.353382425612554,2.260334968453352,2.1340293473612015
2111,2.499231938189568,2.1072680915025566,0.24056907928212698,2.473223944180299,2.0563837883728873,0.3585068448368006,2.261701847097239,2.1355834179762954
2112,2.5000954792937535,2.1089574700637064,0.24619144558995948,2.4740978976506005,2.0580935447740187,0.3636209891650968,2.263065845700345,2.1371343718205695
2113,2.5009572009145256,2.1106432891009383,0.2518019660147419,2.4749700984260152,2.059799872300847,0.3687248791972756,2.264426970355492,2.138682215264629
2114,2.5018171068982875,2.112325556138894,0.25740066551444496,2.475840550078116,2.0615027779396975,0.3738185354922406,2.2657852271380947,2.140226954645997
2115,2.5026752010809634,2.1140042786817492,0.26298756899452425,2.4767092561617137,2.0632022686442526,0.3789019785679836,2.2671406221070396,2.1417685962725703
2116,2.5035314872884586,2.1156794642141192,0.26856270130801835,2.477576220216503,2.0648983513387518,0.38397522890161595,2.268493161305409,2.1433071464255247
2117,2.5043859693370334,2.117351120201775,0.27412608725564835,2.4784414457684294,2.066591032920642,0.3890383069294062,2.2698428507610666,2.144842611361722
2118,2.505238651033623,2.119019254092269,0.27967775158591945,2.4793049363308364,2.068280320262804,0.39409123304682575,2.2711896964871627,2.1463749973157302
2119,2.506089536176084,2.120683873315414,0.2852177189952251,2.480166695405412,2.0699662202153895,0.39913402760860134,2.272533704482518,2.147904310501494
2120,2.506938628553418,2.1223449852837084,0.29074601412794987,2.4810267264829893,2.0716487396073773,0.4041667109287708,2.273874880731974,2.1494305571137438
2121,2.507785931945941,2.1240025973926744,0.29626266157657505,2.4818850330442075,2.0733278852478536,0.4091893032807448,2.2752132312066613,2.150953743329161
2122,2.5086314501254328,2.1256567170211453,0.30176768588178443,2.4827416185600715,2.0750036639270983,0.4142018248973694,2.276548761864235,2.1524738753073636
2123,2.50947518685526,2.127307351531505,0.3072611115325698,2.4835964864924143,2.0766760824174817,0.419204295970995,2.277881478649064,2.1539909591917192
2124,2.5103171458904803,2.128954508269885,0.31274296296633725,2.484449640294283,2.0783451474742187,0.4241967366535431,2.2792113874923996,2.155505001110031
2125,2.511157330977931,2.1305981945663426,0.31821326456901494,2.485301083410271,2.0800108658360092,0.4291791670565791,2.280538494312508,2.157016007175119
2126,2.5119957458563027,2.132238417735001,0.3236720406751591,2.4861508192767894,2.0816732442255628,0.43415160725138446,2.2818628050147938,2.158523983485296
2127,2.5128323942561983,2.1338751850741677,0.329119315568061,2.4869988513222974,2.083332289350054,0.4391140772690303,2.283184325491888,2.1600289361247804
2128,2.5136672799001953,2.1355085038664483,0.3345551134798536,2.487845182967494,2.0849880079014884,0.4440665971004523,2.2845030616237447,2.1615308711640298
2129,2.5145004065028917,2.1371383813788447,0.33997945859161877,2.488689817625487,2.086640406557028,0.44900918669652634,2.2858190192777195,2.1630297946600354
2130,2.5153317777709465,2.1387648248628257,0.3453923750334938,2.489532758701924,2.088289491979258,0.4539418659681457,2.2871322043086253,2.1645257126565647
2131,2.516161397403115,2.1403878415544,0.3507938868847785,2.4903740095951155,2.0899352708164103,0.45886465478629607,2.2884426225587937,2.1660186311843646
2132,2.5169892690902875,2.1420074386741943,0.3561840181740416,2.491213573696136,2.091577749702572,0.46377757298213457,2.289750279858135,2.167508556261349
2133,2.517815396515516,2.143623623427499,0.3615627928792273,2.492051454388905,2.093216935257836,0.4686806403470661,2.2910551820241776,2.1689954938927394
2134,2.5186397833540446,2.145236403004328,0.36693023492776167,2.4928876550502634,2.0948528340884507,0.47357387663282235,2.2923573348621162,2.1704794500711952
2135,2.5194624332733295,2.1468457845794697,0.37228636819665895,2.4937221790500352,2.096485452786945,0.47845730155153793,2.2936567441648505,2.1719604307769327
2136,2.5202833499330737,2.1484517753125316,0.3776312165126268,2.4945550297510892,2.0981147979322405,0.48333093477583033,2.2949534157130254,2.173438441977822
2137,2.521102536985236,2.1500543823479834,0.38296480365217284,2.4953862105093743,2.099740876089726,0.4881947959388773,2.296247355275061,2.1749134896294593
2138,2.5219199980740616,2.1516536128152,0.3882871533417104,2.4962157246739753,2.1013636938113605,0.49304890463449424,2.2975385686071914,2.1763855796752574
2139,2.5227357368361005,2.1532494738284993,0.39359828925766366,2.4970435755871403,2.1029832576357355,0.49789328041721337,2.298827061453494,2.177854718046502
2140,2.5235497569002234,2.1548419724871812,0.39889823502657235,2.4978697665843206,2.1045995740881427,0.5027279428023614,2.30011283954592,2.1793209106624163
2141,2.5243620618876457,2.156431115875566,0.4041870142251978,2.4986943009941966,2.1062126496806304,0.5075529112661381,2.3013959086043254,2.180784163430208
2142,2.5251726554119416,2.158016911063027,0.40946465038062735,2.4995171821387085,2.1078224909120618,0.5123682052456936,2.3026762743364997,2.1822444822451246
2143,2.525981541079066,2.1595993651040324,0.4147311669703779,2.5003384133330795,2.1094291042681594,0.5171738441392074,2.3039539424381954,2.1837018729904942
2144,2.5267887224873693,2.161178485038171,0.41998658742250244,2.5011579978858336,2.1110324962215423,0.521969847305964,2.305228918593155,2.1851563415377577
2145,2.527594203227615,2.162754277890192,0.42523093511569204,2.501975939098828,2.112632673231785,0.5267562340664339,2.3065012084731364,2.1866078937465234
2146,2.5283979868829936,2.1643267506700283,0.43046423337938133,2.502792240267263,2.114229641745442,0.5315330237023477,2.3077708177379366,2.1880565354645882
2147,2.529200077029148,2.1658959103728455,0.43568650549385174,2.5036069046797067,2.115823408196093,0.5363002354567771,2.3090377520354286,2.18950227252798
2148,2.53000047723418,2.167461763979057,0.44089777469033525,2.5044199356181114,2.1174139790043736,0.541057888534209,2.3103020170015753,2.1909451107609836
2149,2.5307991910586742,2.1690243184543743,0.4460980641511172,2.505231336357829,2.1190013605780056,0.5458060021006249,2.311563618260468,2.192385055976172
2150,2.5315962220557138,2.1705835807498266,0.4512873970096394,2.506041110167626,2.1205855593118343,0.5505445952835765,2.3128225614243463,2.1938221139744347
2151,2.5323915737708877,2.1721395578017866,0.4564657963506044,2.506849260309705,2.122166581587855,0.5552736871722654,2.3140788520936124,2.195256290545007
2152,2.533185249742317,2.173692256532017,0.46163328521007563,2.507655790039715,2.123744433775251,0.5599932968176164,2.3153324958568753,2.1966875914654995
2153,2.5339772535006686,2.175241683847695,0.46678988657558285,2.5084607026067687,2.1253191222304118,0.5647034432323559,2.3165834982909663,2.1981160225019196
2154,2.534767588569167,2.1767878466414414,0.47193562338622186,2.509264001253458,2.126890653296972,0.5694041453910892,2.3178318649609655,2.1995415894087045
2155,2.5355562584636147,2.1783307517913526,0.47707051853275845,2.5100656892158644,2.128459033305831,0.5740954222303759,2.319077601420224,2.200964297928737
2156,2.536343266692405,2.179870406161038,0.48219459485772853,2.510865769723577,2.1300242685751867,0.5787772926488051,2.3203207132103967,2.202384153793381
2157,2.5371286167565397,2.181406816599636,0.4873078751555417,2.5116642459997047,2.1315863654105582,0.5834497755070737,2.321561205861456,2.2038011627224963
2158,2.5379123121496425,2.1829399899418593,0.49241038217258043,2.5124611212608907,2.1331453301048158,0.5881128896280619,2.322799084891726,2.2052153304244704
2159,2.538694356357977,2.184469933008019,0.49750213860730275,2.513256398717324,2.134701168938204,0.592766653796907,2.3240343558079024,2.206626662596237
2160,2.5394747528604626,2.1859966526040573,0.5025831671103436,2.5140500815727562,2.1362538881783726,0.5974110867610819,2.325267024105081,2.2080351649233054
2161,2.5402535051286854,2.187520155521572,0.507653490284613,2.514842173024512,2.1378034940803996,0.602046207230469,2.3264970952667747,2.209440843079781
2162,2.5410306166269185,2.1890404485378547,0.5127131306853998,2.5156326762635035,2.1393499928868165,0.6066720338774347,2.3277245747649458,2.210843702728387
2163,2.541806090812137,2.1905575384159164,0.5177621108204702,2.5164215944742434,2.140893390827635,0.6112885853369072,2.3289494680600273,2.2122437495204905
2164,2.5425799311340334,2.192071431904523,0.5228004531501692,2.51720893083486,2.1424336941203777,0.6158958802064497,2.33017178060095,2.2136409890961293
2165,2.5433521410350277,2.1935821357382137,0.5278281800875172,2.5179946885171027,2.143970908970089,0.6204939370463347,2.3313915178251587,2.215035427084022
2166,2.5441227239502915,2.1950896566373452,0.5328453139983161,2.518778870686367,2.14550504156938,0.6250827743796207,2.332608685158646,2.2164270691016075
2167,2.5448916833077555,2.1965940013081107,0.5378518772012412,2.5195614805016984,2.147036098098439,0.6296624106922262,2.333823288015971,2.2178159207550583
2168,2.545659022528127,2.1980951764425702,0.5428478919679457,2.5203425211158046,2.148564084725061,0.6342328644330028,2.3350353318002797,2.2192019876393023
2169,2.5464247450249093,2.1995931887186915,0.5478333805231573,2.521121995675075,2.150089007604673,0.6387941540138109,2.3362448219033416,2.2205852753380495
2170,2.547188854204412,2.2010880448003696,0.5528083650447793,2.521899907319588,2.1516108728803585,0.6433462978095937,2.3374517637055625,2.221965789423812
2171,2.5479513534657703,2.2025797513374608,0.5577728676639869,2.522676259183126,2.1531296866828864,0.6478893141584517,2.3386561625760147,2.223343535457932
2172,2.548712246200955,2.204068314965809,0.5627269104653261,2.5234510543931883,2.1546454551307286,0.6524232213617144,2.3398580238724564,2.224718518990596
2173,2.549471535794788,2.2055537423072713,0.567670515486814,2.5242242960710026,2.1561581843300917,0.6569480376840163,2.3410573529413528,2.2260907455608647
2174,2.5502292256249657,2.207036039969764,0.5726037047200344,2.524995987331539,2.1576678803749387,0.6614637813533701,2.3422541551179137,2.2274602206966927
2175,2.5509853190620646,2.208515214547275,0.5775265001102361,2.525766131283519,2.159174549347008,0.6659704705612393,2.343448435726102,2.228826949914945
2176,2.551739819469558,2.2099912726198974,0.5824389235564327,2.526534731029435,2.1606781973158498,0.6704681234626122,2.344640200078664,2.230190938721431
2177,2.5524927302038365,2.2114642207538657,0.5873409969114958,2.5273017896655525,2.162178830338838,0.674956758176074,2.345829453477154,2.231552192610914
2178,2.5532440546142157,2.2129340655015746,0.5922327419822567,2.5280673102819353,2.163676454461209,0.6794363927838815,2.347016201211955,2.232910717067147
2179,2.5539937960429553,2.2144008134016135,0.5971141805296014,2.5288312959624455,2.1651710757160667,0.6839070453320345,2.3482004485623023,2.2342665175628786
2180,2.5547419578252737,2.215864470978801,0.6019853342685665,2.5295937497847643,2.1666627001244247,0.6883687338303491,2.3493822007963114,2.2356195995598895
2181,2.5554885432893637,2.2173250447442063,0.6068462248684375,2.5303546748204027,2.1681513336952265,0.6928214762525301,2.3505614631709983,2.23696996850901
2182,2.5562335557564024,2.2187825411951763,0.6116968739528429,2.5311140741347122,2.1696369824253625,0.6972652905362445,2.351738240932299,2.238317629850139
2183,2.556976998540572,2.2202369668153716,0.6165373030998539,2.531871950786898,2.1711196522996983,0.7017001945831912,2.352912539315101,2.2396625890122666
2184,2.557718874949072,2.2216883280747926,0.6213675338420774,2.532628307830031,2.1725993492911044,0.7061262062591745,2.354084363543259,2.241004851413501
2185,2.558459188282131,2.2231366314298056,0.6261875876667523,2.5333831483110605,2.1740760793604705,0.7105433433941775,2.355253718829622,2.2423444224610827
2186,2.5591979418330273,2.2245818833231765,0.6309974860158465,2.5341364752708264,2.1755498484567335,0.7149516237824316,2.356420610376058,2.2436813075514115
2187,2.5599351388881013,2.2260240901840986,0.6357972502861504,2.534888291744071,2.1770206625169046,0.7193510651824897,2.3575850433734757,2.2450155120700663
2188,2.5606707827267674,2.227463258428215,0.640586901829375,2.535638600759452,2.1784885274660897,0.7237416853172972,2.358747023001845,2.2463470413918287
2189,2.5614048766215314,2.2288993944576556,0.6453664619522423,2.5363874053395548,2.179953449217515,0.7281235018742636,2.3599065544302227,2.2476759008807026
2190,2.562137423838,2.2303325046610527,0.6501359519165849,2.537134708500904,2.18141543367255,0.7324965325053331,2.36106364281677,2.2490020958899377
2191,2.5628684276349056,2.2317625954135862,0.6548953929394361,2.537880513253977,2.182874486720733,0.7368607948270558,2.362218293308786,2.2503256317620495
2192,2.5635978912641133,2.2331896730770073,0.6596448061931296,2.538624822603212,2.18433061423979,0.7412163064206607,2.363370511042727,2.2516465138288404
2193,2.564325817970633,2.234613743999654,0.6643842128053882,2.5393676395470246,2.1857838220956616,0.7455630848321242,2.3645203011442195,2.2529647474114207
2194,2.565052210992642,2.236034814516494,0.6691136338594208,2.540108967077819,2.1872341161425304,0.7499011475722402,2.365667668728096,2.2542803378202354
2195,2.565777073561495,2.237452890949151,0.6738330903940163,2.5408488081820004,2.188681502222841,0.7542305121166937,2.3668126188984147,2.2555932903550815
2196,2.566500408901734,2.2388679796059208,0.6785426034036351,2.541587165839982,2.1901259861673172,0.7585511959061286,2.3679551567484713,2.2569036103051237
2197,2.56722222023111,2.240280086781815,0.6832421938385058,2.542324043026202,2.1915675737949925,0.7628632163462188,2.369095287360837,2.258211302948922
2198,2.567942510760596,2.241689218758579,0.6879318826047157,2.5430594427091386,2.1930062709132407,0.7671665908077379,2.370233015807374,2.259516373554461
2199,2.5686612836943983,2.243095381804727,0.6926116905643039,2.5437933678513147,2.1944420833177856,0.7714613366266304,2.3713683471492573,2.2608188273791563
2200,2.5693785422299698,2.2444985821755594,0.6972816385353559,2.544525821409313,2.195875016792728,0.7757474711040808,2.372501286436997,2.262118669669879
